<?xml version='1.0' encoding='utf-8'?>
<project xmlns:ns1="http://www.plcopen.org/xml/tc6_0201" xmlns:xhtml="http://www.w3.org/1999/xhtml" xmlns:xsd="http://www.w3.org/2001/XMLSchema" xmlns="http://www.plcopen.org/xml/tc6_0201">
  <fileHeader companyName="Unknown" productName="Unnamed" productVersion="1" creationDateTime="2021-02-06T13:01:40"/>
  <contentHeader name="Unnamed" modificationDateTime="2021-02-10T01:28:02">
    <coordinateInfo>
      <fbd>
        <scaling x="10" y="10"/>
      </fbd>
      <ld>
        <scaling x="10" y="10"/>
      </ld>
      <sfc>
        <scaling x="10" y="10"/>
      </sfc>
    </coordinateInfo>
  </contentHeader>
  <types>
    <dataTypes/>
    <pous>
      <pou name="program0" pouType="program">
        <interface>
          <localVars>
            <variable name="watersensor" address="%QW3">
              <type>
                <INT/>
              </type>
            </variable>
            <variable name="waterlevel" address="%QW4">
              <type>
                <UINT/>
              </type>
            </variable>
            <variable name="pump" address="%QW5">
              <type>
                <INT/>
              </type>
            </variable>
            <variable name="emergencysw" address="%QX2.0">
              <type>
                <BOOL/>
              </type>
            </variable>
          </localVars>
        </interface>
        <body>
          <LD>
            <inVariable localId="4" height="30" width="90" negated="false">
              <position x="100" y="280"/>
              <connectionPointOut>
                <relPosition x="90" y="20"/>
              </connectionPointOut>
              <expression>0</expression>
            </inVariable>
            <block localId="7" typeName="GT" height="80" width="90">
              <position x="250" y="180"/>
              <inputVariables>
                <variable formalParameter="IN1">
                  <connectionPointIn>
                    <relPosition x="0" y="40"/>
                    <connection refLocalId="2">
                      <position x="250" y="220"/>
                      <position x="205" y="220"/>
                      <position x="205" y="200"/>
                      <position x="160" y="200"/>
                    </connection>
                  </connectionPointIn>
                </variable>
                <variable formalParameter="IN2">
                  <connectionPointIn>
                    <relPosition x="0" y="60"/>
                    <connection refLocalId="4">
                      <position x="250" y="240"/>
                      <position x="210" y="240"/>
                      <position x="210" y="300"/>
                      <position x="190" y="300"/>
                    </connection>
                  </connectionPointIn>
                </variable>
              </inputVariables>
              <inOutVariables/>
              <outputVariables>
                <variable formalParameter="OUT">
                  <connectionPointOut>
                    <relPosition x="90" y="40"/>
                  </connectionPointOut>
                </variable>
              </outputVariables>
            </block>
            <block localId="9" typeName="MOVE" height="60" width="60">
              <position x="640" y="250"/>
              <inputVariables>
                <variable formalParameter="EN">
                  <connectionPointIn>
                    <relPosition x="0" y="30"/>
                    <connection refLocalId="16" formalParameter="OUT">
                      <position x="640" y="280"/>
                      <position x="580" y="280"/>
                      <position x="580" y="260"/>
                      <position x="530" y="260"/>
                    </connection>
                  </connectionPointIn>
                </variable>
                <variable formalParameter="IN">
                  <connectionPointIn>
                    <relPosition x="0" y="50"/>
                    <connection refLocalId="14">
                      <position x="640" y="300"/>
                      <position x="610" y="300"/>
                    </connection>
                  </connectionPointIn>
                </variable>
              </inputVariables>
              <inOutVariables/>
              <outputVariables>
                <variable formalParameter="ENO">
                  <connectionPointOut>
                    <relPosition x="60" y="30"/>
                  </connectionPointOut>
                </variable>
                <variable formalParameter="OUT">
                  <connectionPointOut>
                    <relPosition x="60" y="50"/>
                  </connectionPointOut>
                </variable>
              </outputVariables>
            </block>
            <inVariable localId="14" height="30" width="50" negated="false">
              <position x="560" y="290"/>
              <connectionPointOut>
                <relPosition x="50" y="10"/>
              </connectionPointOut>
              <expression>9</expression>
            </inVariable>
            <block localId="16" typeName="LE" height="80" width="70">
              <position x="460" y="210"/>
              <inputVariables>
                <variable formalParameter="EN">
                  <connectionPointIn>
                    <relPosition x="0" y="30"/>
                    <connection refLocalId="7" formalParameter="OUT">
                      <position x="460" y="240"/>
                      <position x="405" y="240"/>
                      <position x="405" y="220"/>
                      <position x="340" y="220"/>
                    </connection>
                  </connectionPointIn>
                </variable>
                <variable formalParameter="IN1">
                  <connectionPointIn>
                    <relPosition x="0" y="50"/>
                    <connection refLocalId="1">
                      <position x="460" y="260"/>
                      <position x="370" y="260"/>
                      <position x="370" y="300"/>
                      <position x="340" y="300"/>
                    </connection>
                  </connectionPointIn>
                </variable>
                <variable formalParameter="IN2">
                  <connectionPointIn>
                    <relPosition x="0" y="70"/>
                    <connection refLocalId="17">
                      <position x="460" y="280"/>
                      <position x="445" y="280"/>
                      <position x="445" y="300"/>
                      <position x="430" y="300"/>
                    </connection>
                  </connectionPointIn>
                </variable>
              </inputVariables>
              <inOutVariables/>
              <outputVariables>
                <variable formalParameter="ENO">
                  <connectionPointOut>
                    <relPosition x="70" y="30"/>
                  </connectionPointOut>
                </variable>
                <variable formalParameter="OUT">
                  <connectionPointOut>
                    <relPosition x="70" y="50"/>
                  </connectionPointOut>
                </variable>
              </outputVariables>
            </block>
            <inVariable localId="1" height="30" width="100" negated="false" executionOrderId="0">
              <position x="240" y="290"/>
              <connectionPointOut>
                <relPosition x="100" y="10"/>
              </connectionPointOut>
              <expression>watersensor</expression>
            </inVariable>
            <inVariable localId="17" height="30" width="50" negated="false">
              <position x="380" y="290"/>
              <connectionPointOut>
                <relPosition x="50" y="10"/>
              </connectionPointOut>
              <expression>10</expression>
            </inVariable>
            <inVariable localId="3" height="30" width="100" negated="false" executionOrderId="0">
              <position x="240" y="450"/>
              <connectionPointOut>
                <relPosition x="100" y="10"/>
              </connectionPointOut>
              <expression>watersensor</expression>
            </inVariable>
            <inVariable localId="6" height="30" width="90" negated="false" executionOrderId="0">
              <position x="100" y="440"/>
              <connectionPointOut>
                <relPosition x="90" y="20"/>
              </connectionPointOut>
              <expression>11</expression>
            </inVariable>
            <block localId="8" typeName="GE" height="80" width="90" executionOrderId="0">
              <position x="250" y="350"/>
              <inputVariables>
                <variable formalParameter="EN">
                  <connectionPointIn>
                    <relPosition x="0" y="30"/>
                    <connection refLocalId="16" formalParameter="ENO">
                      <position x="250" y="380"/>
                      <position x="230" y="380"/>
                      <position x="230" y="340"/>
                      <position x="910" y="340"/>
                      <position x="910" y="240"/>
                      <position x="530" y="240"/>
                    </connection>
                  </connectionPointIn>
                </variable>
                <variable formalParameter="IN1">
                  <connectionPointIn>
                    <relPosition x="0" y="50"/>
                    <connection refLocalId="5">
                      <position x="250" y="400"/>
                      <position x="205" y="400"/>
                      <position x="205" y="360"/>
                      <position x="160" y="360"/>
                    </connection>
                  </connectionPointIn>
                </variable>
                <variable formalParameter="IN2">
                  <connectionPointIn>
                    <relPosition x="0" y="70"/>
                    <connection refLocalId="6">
                      <position x="250" y="420"/>
                      <position x="210" y="420"/>
                      <position x="210" y="460"/>
                      <position x="190" y="460"/>
                    </connection>
                  </connectionPointIn>
                </variable>
              </inputVariables>
              <inOutVariables/>
              <outputVariables>
                <variable formalParameter="ENO">
                  <connectionPointOut>
                    <relPosition x="90" y="30"/>
                  </connectionPointOut>
                </variable>
                <variable formalParameter="OUT">
                  <connectionPointOut>
                    <relPosition x="90" y="50"/>
                  </connectionPointOut>
                </variable>
              </outputVariables>
            </block>
            <block localId="10" typeName="MOVE" height="60" width="60" executionOrderId="0">
              <position x="640" y="410"/>
              <inputVariables>
                <variable formalParameter="EN">
                  <connectionPointIn>
                    <relPosition x="0" y="30"/>
                    <connection refLocalId="13" formalParameter="OUT">
                      <position x="640" y="440"/>
                      <position x="580" y="440"/>
                      <position x="580" y="420"/>
                      <position x="530" y="420"/>
                    </connection>
                  </connectionPointIn>
                </variable>
                <variable formalParameter="IN">
                  <connectionPointIn>
                    <relPosition x="0" y="50"/>
                    <connection refLocalId="11">
                      <position x="640" y="460"/>
                      <position x="610" y="460"/>
                    </connection>
                  </connectionPointIn>
                </variable>
              </inputVariables>
              <inOutVariables/>
              <outputVariables>
                <variable formalParameter="ENO">
                  <connectionPointOut>
                    <relPosition x="60" y="30"/>
                  </connectionPointOut>
                </variable>
                <variable formalParameter="OUT">
                  <connectionPointOut>
                    <relPosition x="60" y="50"/>
                  </connectionPointOut>
                </variable>
              </outputVariables>
            </block>
            <inVariable localId="11" height="30" width="50" negated="false" executionOrderId="0">
              <position x="560" y="450"/>
              <connectionPointOut>
                <relPosition x="50" y="10"/>
              </connectionPointOut>
              <expression>19</expression>
            </inVariable>
            <block localId="13" typeName="LE" height="80" width="70" executionOrderId="0">
              <position x="460" y="370"/>
              <inputVariables>
                <variable formalParameter="EN">
                  <connectionPointIn>
                    <relPosition x="0" y="30"/>
                    <connection refLocalId="8" formalParameter="OUT">
                      <position x="460" y="400"/>
                      <position x="340" y="400"/>
                    </connection>
                  </connectionPointIn>
                </variable>
                <variable formalParameter="IN1">
                  <connectionPointIn>
                    <relPosition x="0" y="50"/>
                    <connection refLocalId="3">
                      <position x="460" y="420"/>
                      <position x="370" y="420"/>
                      <position x="370" y="460"/>
                      <position x="340" y="460"/>
                    </connection>
                  </connectionPointIn>
                </variable>
                <variable formalParameter="IN2">
                  <connectionPointIn>
                    <relPosition x="0" y="70"/>
                    <connection refLocalId="18">
                      <position x="460" y="440"/>
                      <position x="445" y="440"/>
                      <position x="445" y="460"/>
                      <position x="430" y="460"/>
                    </connection>
                  </connectionPointIn>
                </variable>
              </inputVariables>
              <inOutVariables/>
              <outputVariables>
                <variable formalParameter="ENO">
                  <connectionPointOut>
                    <relPosition x="70" y="30"/>
                  </connectionPointOut>
                </variable>
                <variable formalParameter="OUT">
                  <connectionPointOut>
                    <relPosition x="70" y="50"/>
                  </connectionPointOut>
                </variable>
              </outputVariables>
            </block>
            <inVariable localId="18" height="30" width="50" negated="false" executionOrderId="0">
              <position x="380" y="450"/>
              <connectionPointOut>
                <relPosition x="50" y="10"/>
              </connectionPointOut>
              <expression>20</expression>
            </inVariable>
            <inVariable localId="19" height="30" width="100" negated="false" executionOrderId="0">
              <position x="240" y="610"/>
              <connectionPointOut>
                <relPosition x="100" y="10"/>
              </connectionPointOut>
              <expression>watersensor</expression>
            </inVariable>
            <inVariable localId="21" height="30" width="90" negated="false" executionOrderId="0">
              <position x="100" y="600"/>
              <connectionPointOut>
                <relPosition x="90" y="20"/>
              </connectionPointOut>
              <expression>21</expression>
            </inVariable>
            <block localId="22" typeName="GE" height="80" width="90" executionOrderId="0">
              <position x="260" y="510"/>
              <inputVariables>
                <variable formalParameter="EN">
                  <connectionPointIn>
                    <relPosition x="0" y="30"/>
                    <connection refLocalId="13" formalParameter="ENO">
                      <position x="260" y="540"/>
                      <position x="250" y="540"/>
                      <position x="250" y="500"/>
                      <position x="920" y="500"/>
                      <position x="920" y="400"/>
                      <position x="530" y="400"/>
                    </connection>
                  </connectionPointIn>
                </variable>
                <variable formalParameter="IN1">
                  <connectionPointIn>
                    <relPosition x="0" y="50"/>
                    <connection refLocalId="20">
                      <position x="260" y="560"/>
                      <position x="205" y="560"/>
                      <position x="205" y="520"/>
                      <position x="160" y="520"/>
                    </connection>
                  </connectionPointIn>
                </variable>
                <variable formalParameter="IN2">
                  <connectionPointIn>
                    <relPosition x="0" y="70"/>
                    <connection refLocalId="21">
                      <position x="260" y="580"/>
                      <position x="210" y="580"/>
                      <position x="210" y="620"/>
                      <position x="190" y="620"/>
                    </connection>
                  </connectionPointIn>
                </variable>
              </inputVariables>
              <inOutVariables/>
              <outputVariables>
                <variable formalParameter="ENO">
                  <connectionPointOut>
                    <relPosition x="90" y="30"/>
                  </connectionPointOut>
                </variable>
                <variable formalParameter="OUT">
                  <connectionPointOut>
                    <relPosition x="90" y="50"/>
                  </connectionPointOut>
                </variable>
              </outputVariables>
            </block>
            <block localId="23" typeName="MOVE" height="60" width="60" executionOrderId="0">
              <position x="640" y="570"/>
              <inputVariables>
                <variable formalParameter="EN">
                  <connectionPointIn>
                    <relPosition x="0" y="30"/>
                    <connection refLocalId="26" formalParameter="OUT">
                      <position x="640" y="600"/>
                      <position x="580" y="600"/>
                      <position x="580" y="580"/>
                      <position x="530" y="580"/>
                    </connection>
                  </connectionPointIn>
                </variable>
                <variable formalParameter="IN">
                  <connectionPointIn>
                    <relPosition x="0" y="50"/>
                    <connection refLocalId="24">
                      <position x="640" y="620"/>
                      <position x="610" y="620"/>
                    </connection>
                  </connectionPointIn>
                </variable>
              </inputVariables>
              <inOutVariables/>
              <outputVariables>
                <variable formalParameter="ENO">
                  <connectionPointOut>
                    <relPosition x="60" y="30"/>
                  </connectionPointOut>
                </variable>
                <variable formalParameter="OUT">
                  <connectionPointOut>
                    <relPosition x="60" y="50"/>
                  </connectionPointOut>
                </variable>
              </outputVariables>
            </block>
            <inVariable localId="24" height="30" width="50" negated="false" executionOrderId="0">
              <position x="560" y="610"/>
              <connectionPointOut>
                <relPosition x="50" y="10"/>
              </connectionPointOut>
              <expression>29</expression>
            </inVariable>
            <block localId="26" typeName="LE" height="80" width="70" executionOrderId="0">
              <position x="460" y="530"/>
              <inputVariables>
                <variable formalParameter="EN">
                  <connectionPointIn>
                    <relPosition x="0" y="30"/>
                    <connection refLocalId="22" formalParameter="OUT">
                      <position x="460" y="560"/>
                      <position x="350" y="560"/>
                    </connection>
                  </connectionPointIn>
                </variable>
                <variable formalParameter="IN1">
                  <connectionPointIn>
                    <relPosition x="0" y="50"/>
                    <connection refLocalId="19">
                      <position x="460" y="580"/>
                      <position x="370" y="580"/>
                      <position x="370" y="620"/>
                      <position x="340" y="620"/>
                    </connection>
                  </connectionPointIn>
                </variable>
                <variable formalParameter="IN2">
                  <connectionPointIn>
                    <relPosition x="0" y="70"/>
                    <connection refLocalId="27">
                      <position x="460" y="600"/>
                      <position x="445" y="600"/>
                      <position x="445" y="620"/>
                      <position x="430" y="620"/>
                    </connection>
                  </connectionPointIn>
                </variable>
              </inputVariables>
              <inOutVariables/>
              <outputVariables>
                <variable formalParameter="ENO">
                  <connectionPointOut>
                    <relPosition x="70" y="30"/>
                  </connectionPointOut>
                </variable>
                <variable formalParameter="OUT">
                  <connectionPointOut>
                    <relPosition x="70" y="50"/>
                  </connectionPointOut>
                </variable>
              </outputVariables>
            </block>
            <inVariable localId="27" height="30" width="50" negated="false" executionOrderId="0">
              <position x="380" y="610"/>
              <connectionPointOut>
                <relPosition x="50" y="10"/>
              </connectionPointOut>
              <expression>30</expression>
            </inVariable>
            <inVariable localId="28" height="30" width="100" negated="false" executionOrderId="0">
              <position x="240" y="770"/>
              <connectionPointOut>
                <relPosition x="100" y="10"/>
              </connectionPointOut>
              <expression>watersensor</expression>
            </inVariable>
            <inVariable localId="30" height="30" width="90" negated="false" executionOrderId="0">
              <position x="100" y="760"/>
              <connectionPointOut>
                <relPosition x="90" y="20"/>
              </connectionPointOut>
              <expression>31</expression>
            </inVariable>
            <block localId="31" typeName="GE" height="80" width="90" executionOrderId="0">
              <position x="260" y="670"/>
              <inputVariables>
                <variable formalParameter="EN">
                  <connectionPointIn>
                    <relPosition x="0" y="30"/>
                    <connection refLocalId="26" formalParameter="ENO">
                      <position x="260" y="700"/>
                      <position x="250" y="700"/>
                      <position x="250" y="660"/>
                      <position x="920" y="660"/>
                      <position x="920" y="560"/>
                      <position x="530" y="560"/>
                    </connection>
                  </connectionPointIn>
                </variable>
                <variable formalParameter="IN1">
                  <connectionPointIn>
                    <relPosition x="0" y="50"/>
                    <connection refLocalId="29">
                      <position x="260" y="720"/>
                      <position x="205" y="720"/>
                      <position x="205" y="680"/>
                      <position x="160" y="680"/>
                    </connection>
                  </connectionPointIn>
                </variable>
                <variable formalParameter="IN2">
                  <connectionPointIn>
                    <relPosition x="0" y="70"/>
                    <connection refLocalId="30">
                      <position x="260" y="740"/>
                      <position x="210" y="740"/>
                      <position x="210" y="780"/>
                      <position x="190" y="780"/>
                    </connection>
                  </connectionPointIn>
                </variable>
              </inputVariables>
              <inOutVariables/>
              <outputVariables>
                <variable formalParameter="ENO">
                  <connectionPointOut>
                    <relPosition x="90" y="30"/>
                  </connectionPointOut>
                </variable>
                <variable formalParameter="OUT">
                  <connectionPointOut>
                    <relPosition x="90" y="50"/>
                  </connectionPointOut>
                </variable>
              </outputVariables>
            </block>
            <block localId="32" typeName="MOVE" height="60" width="60" executionOrderId="0">
              <position x="640" y="730"/>
              <inputVariables>
                <variable formalParameter="EN">
                  <connectionPointIn>
                    <relPosition x="0" y="30"/>
                    <connection refLocalId="35" formalParameter="OUT">
                      <position x="640" y="760"/>
                      <position x="580" y="760"/>
                      <position x="580" y="740"/>
                      <position x="530" y="740"/>
                    </connection>
                  </connectionPointIn>
                </variable>
                <variable formalParameter="IN">
                  <connectionPointIn>
                    <relPosition x="0" y="50"/>
                    <connection refLocalId="33">
                      <position x="640" y="780"/>
                      <position x="610" y="780"/>
                    </connection>
                  </connectionPointIn>
                </variable>
              </inputVariables>
              <inOutVariables/>
              <outputVariables>
                <variable formalParameter="ENO">
                  <connectionPointOut>
                    <relPosition x="60" y="30"/>
                  </connectionPointOut>
                </variable>
                <variable formalParameter="OUT">
                  <connectionPointOut>
                    <relPosition x="60" y="50"/>
                  </connectionPointOut>
                </variable>
              </outputVariables>
            </block>
            <inVariable localId="33" height="30" width="50" negated="false" executionOrderId="0">
              <position x="560" y="770"/>
              <connectionPointOut>
                <relPosition x="50" y="10"/>
              </connectionPointOut>
              <expression>39</expression>
            </inVariable>
            <block localId="35" typeName="LE" height="80" width="70" executionOrderId="0">
              <position x="460" y="690"/>
              <inputVariables>
                <variable formalParameter="EN">
                  <connectionPointIn>
                    <relPosition x="0" y="30"/>
                    <connection refLocalId="31" formalParameter="OUT">
                      <position x="460" y="720"/>
                      <position x="350" y="720"/>
                    </connection>
                  </connectionPointIn>
                </variable>
                <variable formalParameter="IN1">
                  <connectionPointIn>
                    <relPosition x="0" y="50"/>
                    <connection refLocalId="28">
                      <position x="460" y="740"/>
                      <position x="370" y="740"/>
                      <position x="370" y="780"/>
                      <position x="340" y="780"/>
                    </connection>
                  </connectionPointIn>
                </variable>
                <variable formalParameter="IN2">
                  <connectionPointIn>
                    <relPosition x="0" y="70"/>
                    <connection refLocalId="36">
                      <position x="460" y="760"/>
                      <position x="445" y="760"/>
                      <position x="445" y="780"/>
                      <position x="430" y="780"/>
                    </connection>
                  </connectionPointIn>
                </variable>
              </inputVariables>
              <inOutVariables/>
              <outputVariables>
                <variable formalParameter="ENO">
                  <connectionPointOut>
                    <relPosition x="70" y="30"/>
                  </connectionPointOut>
                </variable>
                <variable formalParameter="OUT">
                  <connectionPointOut>
                    <relPosition x="70" y="50"/>
                  </connectionPointOut>
                </variable>
              </outputVariables>
            </block>
            <inVariable localId="36" height="30" width="50" negated="false" executionOrderId="0">
              <position x="380" y="770"/>
              <connectionPointOut>
                <relPosition x="50" y="10"/>
              </connectionPointOut>
              <expression>40</expression>
            </inVariable>
            <inVariable localId="37" height="30" width="100" negated="false" executionOrderId="0">
              <position x="240" y="920"/>
              <connectionPointOut>
                <relPosition x="100" y="20"/>
              </connectionPointOut>
              <expression>watersensor</expression>
            </inVariable>
            <inVariable localId="39" height="30" width="90" negated="false" executionOrderId="0">
              <position x="100" y="910"/>
              <connectionPointOut>
                <relPosition x="90" y="10"/>
              </connectionPointOut>
              <expression>41</expression>
            </inVariable>
            <block localId="40" typeName="GE" height="80" width="90" executionOrderId="0">
              <position x="260" y="830"/>
              <inputVariables>
                <variable formalParameter="EN">
                  <connectionPointIn>
                    <relPosition x="0" y="30"/>
                    <connection refLocalId="35" formalParameter="ENO">
                      <position x="260" y="860"/>
                      <position x="250" y="860"/>
                      <position x="250" y="820"/>
                      <position x="920" y="820"/>
                      <position x="920" y="720"/>
                      <position x="530" y="720"/>
                    </connection>
                  </connectionPointIn>
                </variable>
                <variable formalParameter="IN1">
                  <connectionPointIn>
                    <relPosition x="0" y="50"/>
                    <connection refLocalId="38">
                      <position x="260" y="880"/>
                      <position x="205" y="880"/>
                      <position x="205" y="840"/>
                      <position x="160" y="840"/>
                    </connection>
                  </connectionPointIn>
                </variable>
                <variable formalParameter="IN2">
                  <connectionPointIn>
                    <relPosition x="0" y="70"/>
                    <connection refLocalId="39">
                      <position x="260" y="900"/>
                      <position x="210" y="900"/>
                      <position x="210" y="920"/>
                      <position x="190" y="920"/>
                    </connection>
                  </connectionPointIn>
                </variable>
              </inputVariables>
              <inOutVariables/>
              <outputVariables>
                <variable formalParameter="ENO">
                  <connectionPointOut>
                    <relPosition x="90" y="30"/>
                  </connectionPointOut>
                </variable>
                <variable formalParameter="OUT">
                  <connectionPointOut>
                    <relPosition x="90" y="50"/>
                  </connectionPointOut>
                </variable>
              </outputVariables>
            </block>
            <block localId="41" typeName="MOVE" height="60" width="60" executionOrderId="0">
              <position x="640" y="890"/>
              <inputVariables>
                <variable formalParameter="EN">
                  <connectionPointIn>
                    <relPosition x="0" y="30"/>
                    <connection refLocalId="44" formalParameter="OUT">
                      <position x="640" y="920"/>
                      <position x="580" y="920"/>
                      <position x="580" y="890"/>
                      <position x="530" y="890"/>
                    </connection>
                  </connectionPointIn>
                </variable>
                <variable formalParameter="IN">
                  <connectionPointIn>
                    <relPosition x="0" y="50"/>
                    <connection refLocalId="42">
                      <position x="640" y="940"/>
                      <position x="630" y="940"/>
                      <position x="630" y="950"/>
                      <position x="610" y="950"/>
                    </connection>
                  </connectionPointIn>
                </variable>
              </inputVariables>
              <inOutVariables/>
              <outputVariables>
                <variable formalParameter="ENO">
                  <connectionPointOut>
                    <relPosition x="60" y="30"/>
                  </connectionPointOut>
                </variable>
                <variable formalParameter="OUT">
                  <connectionPointOut>
                    <relPosition x="60" y="50"/>
                  </connectionPointOut>
                </variable>
              </outputVariables>
            </block>
            <inVariable localId="42" height="30" width="50" negated="false" executionOrderId="0">
              <position x="560" y="930"/>
              <connectionPointOut>
                <relPosition x="50" y="20"/>
              </connectionPointOut>
              <expression>49</expression>
            </inVariable>
            <block localId="44" typeName="LE" height="80" width="70" executionOrderId="0">
              <position x="460" y="840"/>
              <inputVariables>
                <variable formalParameter="EN">
                  <connectionPointIn>
                    <relPosition x="0" y="30"/>
                    <connection refLocalId="40" formalParameter="OUT">
                      <position x="460" y="870"/>
                      <position x="405" y="870"/>
                      <position x="405" y="880"/>
                      <position x="350" y="880"/>
                    </connection>
                  </connectionPointIn>
                </variable>
                <variable formalParameter="IN1">
                  <connectionPointIn>
                    <relPosition x="0" y="50"/>
                    <connection refLocalId="37">
                      <position x="460" y="890"/>
                      <position x="370" y="890"/>
                      <position x="370" y="940"/>
                      <position x="340" y="940"/>
                    </connection>
                  </connectionPointIn>
                </variable>
                <variable formalParameter="IN2">
                  <connectionPointIn>
                    <relPosition x="0" y="70"/>
                    <connection refLocalId="45">
                      <position x="460" y="910"/>
                      <position x="445" y="910"/>
                      <position x="445" y="940"/>
                      <position x="430" y="940"/>
                    </connection>
                  </connectionPointIn>
                </variable>
              </inputVariables>
              <inOutVariables/>
              <outputVariables>
                <variable formalParameter="ENO">
                  <connectionPointOut>
                    <relPosition x="70" y="30"/>
                  </connectionPointOut>
                </variable>
                <variable formalParameter="OUT">
                  <connectionPointOut>
                    <relPosition x="70" y="50"/>
                  </connectionPointOut>
                </variable>
              </outputVariables>
            </block>
            <inVariable localId="45" height="30" width="50" negated="false" executionOrderId="0">
              <position x="380" y="920"/>
              <connectionPointOut>
                <relPosition x="50" y="20"/>
              </connectionPointOut>
              <expression>50</expression>
            </inVariable>
            <inVariable localId="46" height="30" width="100" negated="false" executionOrderId="0">
              <position x="240" y="1080"/>
              <connectionPointOut>
                <relPosition x="100" y="20"/>
              </connectionPointOut>
              <expression>watersensor</expression>
            </inVariable>
            <inVariable localId="48" height="30" width="90" negated="false" executionOrderId="0">
              <position x="100" y="1070"/>
              <connectionPointOut>
                <relPosition x="90" y="10"/>
              </connectionPointOut>
              <expression>51</expression>
            </inVariable>
            <block localId="49" typeName="GE" height="80" width="90" executionOrderId="0">
              <position x="260" y="990"/>
              <inputVariables>
                <variable formalParameter="EN">
                  <connectionPointIn>
                    <relPosition x="0" y="30"/>
                    <connection refLocalId="44" formalParameter="ENO">
                      <position x="260" y="1020"/>
                      <position x="250" y="1020"/>
                      <position x="250" y="980"/>
                      <position x="920" y="980"/>
                      <position x="920" y="870"/>
                      <position x="530" y="870"/>
                    </connection>
                  </connectionPointIn>
                </variable>
                <variable formalParameter="IN1">
                  <connectionPointIn>
                    <relPosition x="0" y="50"/>
                    <connection refLocalId="47">
                      <position x="260" y="1040"/>
                      <position x="205" y="1040"/>
                      <position x="205" y="1000"/>
                      <position x="160" y="1000"/>
                    </connection>
                  </connectionPointIn>
                </variable>
                <variable formalParameter="IN2">
                  <connectionPointIn>
                    <relPosition x="0" y="70"/>
                    <connection refLocalId="48">
                      <position x="260" y="1060"/>
                      <position x="210" y="1060"/>
                      <position x="210" y="1080"/>
                      <position x="190" y="1080"/>
                    </connection>
                  </connectionPointIn>
                </variable>
              </inputVariables>
              <inOutVariables/>
              <outputVariables>
                <variable formalParameter="ENO">
                  <connectionPointOut>
                    <relPosition x="90" y="30"/>
                  </connectionPointOut>
                </variable>
                <variable formalParameter="OUT">
                  <connectionPointOut>
                    <relPosition x="90" y="50"/>
                  </connectionPointOut>
                </variable>
              </outputVariables>
            </block>
            <block localId="50" typeName="MOVE" height="60" width="60" executionOrderId="0">
              <position x="640" y="1050"/>
              <inputVariables>
                <variable formalParameter="EN">
                  <connectionPointIn>
                    <relPosition x="0" y="30"/>
                    <connection refLocalId="53" formalParameter="OUT">
                      <position x="640" y="1080"/>
                      <position x="580" y="1080"/>
                      <position x="580" y="1050"/>
                      <position x="530" y="1050"/>
                    </connection>
                  </connectionPointIn>
                </variable>
                <variable formalParameter="IN">
                  <connectionPointIn>
                    <relPosition x="0" y="50"/>
                    <connection refLocalId="51">
                      <position x="640" y="1100"/>
                      <position x="630" y="1100"/>
                      <position x="630" y="1110"/>
                      <position x="610" y="1110"/>
                    </connection>
                  </connectionPointIn>
                </variable>
              </inputVariables>
              <inOutVariables/>
              <outputVariables>
                <variable formalParameter="ENO">
                  <connectionPointOut>
                    <relPosition x="60" y="30"/>
                  </connectionPointOut>
                </variable>
                <variable formalParameter="OUT">
                  <connectionPointOut>
                    <relPosition x="60" y="50"/>
                  </connectionPointOut>
                </variable>
              </outputVariables>
            </block>
            <inVariable localId="51" height="30" width="50" negated="false" executionOrderId="0">
              <position x="560" y="1090"/>
              <connectionPointOut>
                <relPosition x="50" y="20"/>
              </connectionPointOut>
              <expression>59</expression>
            </inVariable>
            <outVariable localId="52" height="30" width="90" negated="false" executionOrderId="0">
              <position x="810" y="1040"/>
              <connectionPointIn>
                <relPosition x="0" y="20"/>
                <connection refLocalId="50" formalParameter="OUT">
                  <position x="810" y="1060"/>
                  <position x="792" y="1060"/>
                  <position x="792" y="1100"/>
                  <position x="700" y="1100"/>
                </connection>
              </connectionPointIn>
              <expression>waterlevel</expression>
            </outVariable>
            <block localId="53" typeName="LE" height="80" width="70" executionOrderId="0">
              <position x="460" y="1000"/>
              <inputVariables>
                <variable formalParameter="EN">
                  <connectionPointIn>
                    <relPosition x="0" y="30"/>
                    <connection refLocalId="49" formalParameter="OUT">
                      <position x="460" y="1030"/>
                      <position x="405" y="1030"/>
                      <position x="405" y="1040"/>
                      <position x="350" y="1040"/>
                    </connection>
                  </connectionPointIn>
                </variable>
                <variable formalParameter="IN1">
                  <connectionPointIn>
                    <relPosition x="0" y="50"/>
                    <connection refLocalId="46">
                      <position x="460" y="1050"/>
                      <position x="370" y="1050"/>
                      <position x="370" y="1100"/>
                      <position x="340" y="1100"/>
                    </connection>
                  </connectionPointIn>
                </variable>
                <variable formalParameter="IN2">
                  <connectionPointIn>
                    <relPosition x="0" y="70"/>
                    <connection refLocalId="54">
                      <position x="460" y="1070"/>
                      <position x="445" y="1070"/>
                      <position x="445" y="1100"/>
                      <position x="430" y="1100"/>
                    </connection>
                  </connectionPointIn>
                </variable>
              </inputVariables>
              <inOutVariables/>
              <outputVariables>
                <variable formalParameter="ENO">
                  <connectionPointOut>
                    <relPosition x="70" y="30"/>
                  </connectionPointOut>
                </variable>
                <variable formalParameter="OUT">
                  <connectionPointOut>
                    <relPosition x="70" y="50"/>
                  </connectionPointOut>
                </variable>
              </outputVariables>
            </block>
            <inVariable localId="54" height="30" width="50" negated="false" executionOrderId="0">
              <position x="380" y="1080"/>
              <connectionPointOut>
                <relPosition x="50" y="20"/>
              </connectionPointOut>
              <expression>60</expression>
            </inVariable>
            <inVariable localId="55" height="30" width="100" negated="false" executionOrderId="0">
              <position x="240" y="1240"/>
              <connectionPointOut>
                <relPosition x="100" y="20"/>
              </connectionPointOut>
              <expression>watersensor</expression>
            </inVariable>
            <inVariable localId="56" height="30" width="100" negated="false" executionOrderId="0">
              <position x="60" y="1140"/>
              <connectionPointOut>
                <relPosition x="100" y="20"/>
              </connectionPointOut>
              <expression>watersensor</expression>
            </inVariable>
            <inVariable localId="57" height="30" width="90" negated="false" executionOrderId="0">
              <position x="100" y="1230"/>
              <connectionPointOut>
                <relPosition x="90" y="10"/>
              </connectionPointOut>
              <expression>61</expression>
            </inVariable>
            <block localId="58" typeName="GE" height="80" width="90" executionOrderId="0">
              <position x="260" y="1150"/>
              <inputVariables>
                <variable formalParameter="EN">
                  <connectionPointIn>
                    <relPosition x="0" y="30"/>
                    <connection refLocalId="53" formalParameter="ENO">
                      <position x="260" y="1180"/>
                      <position x="250" y="1180"/>
                      <position x="250" y="1140"/>
                      <position x="920" y="1140"/>
                      <position x="920" y="1030"/>
                      <position x="530" y="1030"/>
                    </connection>
                  </connectionPointIn>
                </variable>
                <variable formalParameter="IN1">
                  <connectionPointIn>
                    <relPosition x="0" y="50"/>
                    <connection refLocalId="56">
                      <position x="260" y="1200"/>
                      <position x="205" y="1200"/>
                      <position x="205" y="1160"/>
                      <position x="160" y="1160"/>
                    </connection>
                  </connectionPointIn>
                </variable>
                <variable formalParameter="IN2">
                  <connectionPointIn>
                    <relPosition x="0" y="70"/>
                    <connection refLocalId="57">
                      <position x="260" y="1220"/>
                      <position x="210" y="1220"/>
                      <position x="210" y="1240"/>
                      <position x="190" y="1240"/>
                    </connection>
                  </connectionPointIn>
                </variable>
              </inputVariables>
              <inOutVariables/>
              <outputVariables>
                <variable formalParameter="ENO">
                  <connectionPointOut>
                    <relPosition x="90" y="30"/>
                  </connectionPointOut>
                </variable>
                <variable formalParameter="OUT">
                  <connectionPointOut>
                    <relPosition x="90" y="50"/>
                  </connectionPointOut>
                </variable>
              </outputVariables>
            </block>
            <block localId="59" typeName="MOVE" height="60" width="60" executionOrderId="0">
              <position x="640" y="1210"/>
              <inputVariables>
                <variable formalParameter="EN">
                  <connectionPointIn>
                    <relPosition x="0" y="30"/>
                    <connection refLocalId="62" formalParameter="OUT">
                      <position x="640" y="1240"/>
                      <position x="580" y="1240"/>
                      <position x="580" y="1210"/>
                      <position x="530" y="1210"/>
                    </connection>
                  </connectionPointIn>
                </variable>
                <variable formalParameter="IN">
                  <connectionPointIn>
                    <relPosition x="0" y="50"/>
                    <connection refLocalId="60">
                      <position x="640" y="1260"/>
                      <position x="630" y="1260"/>
                      <position x="630" y="1270"/>
                      <position x="610" y="1270"/>
                    </connection>
                  </connectionPointIn>
                </variable>
              </inputVariables>
              <inOutVariables/>
              <outputVariables>
                <variable formalParameter="ENO">
                  <connectionPointOut>
                    <relPosition x="60" y="30"/>
                  </connectionPointOut>
                </variable>
                <variable formalParameter="OUT">
                  <connectionPointOut>
                    <relPosition x="60" y="50"/>
                  </connectionPointOut>
                </variable>
              </outputVariables>
            </block>
            <inVariable localId="60" height="30" width="50" negated="false" executionOrderId="0">
              <position x="560" y="1250"/>
              <connectionPointOut>
                <relPosition x="50" y="20"/>
              </connectionPointOut>
              <expression>69</expression>
            </inVariable>
            <outVariable localId="61" height="30" width="90" negated="false" executionOrderId="0">
              <position x="810" y="1200"/>
              <connectionPointIn>
                <relPosition x="0" y="20"/>
                <connection refLocalId="59" formalParameter="OUT">
                  <position x="810" y="1220"/>
                  <position x="792" y="1220"/>
                  <position x="792" y="1260"/>
                  <position x="700" y="1260"/>
                </connection>
              </connectionPointIn>
              <expression>waterlevel</expression>
            </outVariable>
            <block localId="62" typeName="LE" height="80" width="70" executionOrderId="0">
              <position x="460" y="1160"/>
              <inputVariables>
                <variable formalParameter="EN">
                  <connectionPointIn>
                    <relPosition x="0" y="30"/>
                    <connection refLocalId="58" formalParameter="OUT">
                      <position x="460" y="1190"/>
                      <position x="405" y="1190"/>
                      <position x="405" y="1200"/>
                      <position x="350" y="1200"/>
                    </connection>
                  </connectionPointIn>
                </variable>
                <variable formalParameter="IN1">
                  <connectionPointIn>
                    <relPosition x="0" y="50"/>
                    <connection refLocalId="55">
                      <position x="460" y="1210"/>
                      <position x="370" y="1210"/>
                      <position x="370" y="1260"/>
                      <position x="340" y="1260"/>
                    </connection>
                  </connectionPointIn>
                </variable>
                <variable formalParameter="IN2">
                  <connectionPointIn>
                    <relPosition x="0" y="70"/>
                    <connection refLocalId="63">
                      <position x="460" y="1230"/>
                      <position x="445" y="1230"/>
                      <position x="445" y="1260"/>
                      <position x="430" y="1260"/>
                    </connection>
                  </connectionPointIn>
                </variable>
              </inputVariables>
              <inOutVariables/>
              <outputVariables>
                <variable formalParameter="ENO">
                  <connectionPointOut>
                    <relPosition x="70" y="30"/>
                  </connectionPointOut>
                </variable>
                <variable formalParameter="OUT">
                  <connectionPointOut>
                    <relPosition x="70" y="50"/>
                  </connectionPointOut>
                </variable>
              </outputVariables>
            </block>
            <inVariable localId="63" height="30" width="50" negated="false" executionOrderId="0">
              <position x="380" y="1240"/>
              <connectionPointOut>
                <relPosition x="50" y="20"/>
              </connectionPointOut>
              <expression>70</expression>
            </inVariable>
            <inVariable localId="64" height="30" width="100" negated="false" executionOrderId="0">
              <position x="240" y="1390"/>
              <connectionPointOut>
                <relPosition x="100" y="10"/>
              </connectionPointOut>
              <expression>watersensor</expression>
            </inVariable>
            <inVariable localId="65" height="30" width="100" negated="false" executionOrderId="0">
              <position x="60" y="1290"/>
              <connectionPointOut>
                <relPosition x="100" y="10"/>
              </connectionPointOut>
              <expression>watersensor</expression>
            </inVariable>
            <inVariable localId="66" height="30" width="90" negated="false" executionOrderId="0">
              <position x="100" y="1380"/>
              <connectionPointOut>
                <relPosition x="90" y="20"/>
              </connectionPointOut>
              <expression>71</expression>
            </inVariable>
            <block localId="67" typeName="GE" height="80" width="90" executionOrderId="0">
              <position x="260" y="1300"/>
              <inputVariables>
                <variable formalParameter="EN">
                  <connectionPointIn>
                    <relPosition x="0" y="30"/>
                    <connection refLocalId="62" formalParameter="ENO">
                      <position x="260" y="1330"/>
                      <position x="250" y="1330"/>
                      <position x="250" y="1290"/>
                      <position x="920" y="1290"/>
                      <position x="920" y="1190"/>
                      <position x="530" y="1190"/>
                    </connection>
                  </connectionPointIn>
                </variable>
                <variable formalParameter="IN1">
                  <connectionPointIn>
                    <relPosition x="0" y="50"/>
                    <connection refLocalId="65">
                      <position x="260" y="1350"/>
                      <position x="205" y="1350"/>
                      <position x="205" y="1300"/>
                      <position x="160" y="1300"/>
                    </connection>
                  </connectionPointIn>
                </variable>
                <variable formalParameter="IN2">
                  <connectionPointIn>
                    <relPosition x="0" y="70"/>
                    <connection refLocalId="66">
                      <position x="260" y="1370"/>
                      <position x="210" y="1370"/>
                      <position x="210" y="1400"/>
                      <position x="190" y="1400"/>
                    </connection>
                  </connectionPointIn>
                </variable>
              </inputVariables>
              <inOutVariables/>
              <outputVariables>
                <variable formalParameter="ENO">
                  <connectionPointOut>
                    <relPosition x="90" y="30"/>
                  </connectionPointOut>
                </variable>
                <variable formalParameter="OUT">
                  <connectionPointOut>
                    <relPosition x="90" y="50"/>
                  </connectionPointOut>
                </variable>
              </outputVariables>
            </block>
            <block localId="68" typeName="MOVE" height="60" width="60" executionOrderId="0">
              <position x="640" y="1350"/>
              <inputVariables>
                <variable formalParameter="EN">
                  <connectionPointIn>
                    <relPosition x="0" y="30"/>
                    <connection refLocalId="71" formalParameter="OUT">
                      <position x="640" y="1380"/>
                      <position x="580" y="1380"/>
                      <position x="580" y="1360"/>
                      <position x="530" y="1360"/>
                    </connection>
                  </connectionPointIn>
                </variable>
                <variable formalParameter="IN">
                  <connectionPointIn>
                    <relPosition x="0" y="50"/>
                    <connection refLocalId="69">
                      <position x="640" y="1400"/>
                      <position x="610" y="1400"/>
                    </connection>
                  </connectionPointIn>
                </variable>
              </inputVariables>
              <inOutVariables/>
              <outputVariables>
                <variable formalParameter="ENO">
                  <connectionPointOut>
                    <relPosition x="60" y="30"/>
                  </connectionPointOut>
                </variable>
                <variable formalParameter="OUT">
                  <connectionPointOut>
                    <relPosition x="60" y="50"/>
                  </connectionPointOut>
                </variable>
              </outputVariables>
            </block>
            <inVariable localId="69" height="30" width="50" negated="false" executionOrderId="0">
              <position x="560" y="1390"/>
              <connectionPointOut>
                <relPosition x="50" y="10"/>
              </connectionPointOut>
              <expression>79</expression>
            </inVariable>
            <outVariable localId="70" height="30" width="90" negated="false" executionOrderId="0">
              <position x="810" y="1360"/>
              <connectionPointIn>
                <relPosition x="0" y="20"/>
                <connection refLocalId="68" formalParameter="OUT">
                  <position x="810" y="1380"/>
                  <position x="792" y="1380"/>
                  <position x="792" y="1400"/>
                  <position x="700" y="1400"/>
                </connection>
              </connectionPointIn>
              <expression>waterlevel</expression>
            </outVariable>
            <block localId="71" typeName="LE" height="80" width="70" executionOrderId="0">
              <position x="460" y="1310"/>
              <inputVariables>
                <variable formalParameter="EN">
                  <connectionPointIn>
                    <relPosition x="0" y="30"/>
                    <connection refLocalId="67" formalParameter="OUT">
                      <position x="460" y="1340"/>
                      <position x="405" y="1340"/>
                      <position x="405" y="1350"/>
                      <position x="350" y="1350"/>
                    </connection>
                  </connectionPointIn>
                </variable>
                <variable formalParameter="IN1">
                  <connectionPointIn>
                    <relPosition x="0" y="50"/>
                    <connection refLocalId="64">
                      <position x="460" y="1360"/>
                      <position x="370" y="1360"/>
                      <position x="370" y="1400"/>
                      <position x="340" y="1400"/>
                    </connection>
                  </connectionPointIn>
                </variable>
                <variable formalParameter="IN2">
                  <connectionPointIn>
                    <relPosition x="0" y="70"/>
                    <connection refLocalId="72">
                      <position x="460" y="1380"/>
                      <position x="445" y="1380"/>
                      <position x="445" y="1400"/>
                      <position x="430" y="1400"/>
                    </connection>
                  </connectionPointIn>
                </variable>
              </inputVariables>
              <inOutVariables/>
              <outputVariables>
                <variable formalParameter="ENO">
                  <connectionPointOut>
                    <relPosition x="70" y="30"/>
                  </connectionPointOut>
                </variable>
                <variable formalParameter="OUT">
                  <connectionPointOut>
                    <relPosition x="70" y="50"/>
                  </connectionPointOut>
                </variable>
              </outputVariables>
            </block>
            <inVariable localId="72" height="30" width="50" negated="false" executionOrderId="0">
              <position x="380" y="1390"/>
              <connectionPointOut>
                <relPosition x="50" y="10"/>
              </connectionPointOut>
              <expression>80</expression>
            </inVariable>
            <inVariable localId="73" height="30" width="100" negated="false" executionOrderId="0">
              <position x="240" y="1540"/>
              <connectionPointOut>
                <relPosition x="100" y="20"/>
              </connectionPointOut>
              <expression>watersensor</expression>
            </inVariable>
            <inVariable localId="74" height="30" width="100" negated="false" executionOrderId="0">
              <position x="60" y="1440"/>
              <connectionPointOut>
                <relPosition x="100" y="20"/>
              </connectionPointOut>
              <expression>watersensor</expression>
            </inVariable>
            <inVariable localId="75" height="30" width="90" negated="false" executionOrderId="0">
              <position x="100" y="1530"/>
              <connectionPointOut>
                <relPosition x="90" y="10"/>
              </connectionPointOut>
              <expression>81</expression>
            </inVariable>
            <block localId="76" typeName="GE" height="80" width="90" executionOrderId="0">
              <position x="260" y="1450"/>
              <inputVariables>
                <variable formalParameter="EN">
                  <connectionPointIn>
                    <relPosition x="0" y="30"/>
                    <connection refLocalId="71" formalParameter="ENO">
                      <position x="260" y="1480"/>
                      <position x="250" y="1480"/>
                      <position x="250" y="1440"/>
                      <position x="920" y="1440"/>
                      <position x="920" y="1340"/>
                      <position x="530" y="1340"/>
                    </connection>
                  </connectionPointIn>
                </variable>
                <variable formalParameter="IN1">
                  <connectionPointIn>
                    <relPosition x="0" y="50"/>
                    <connection refLocalId="74">
                      <position x="260" y="1500"/>
                      <position x="205" y="1500"/>
                      <position x="205" y="1460"/>
                      <position x="160" y="1460"/>
                    </connection>
                  </connectionPointIn>
                </variable>
                <variable formalParameter="IN2">
                  <connectionPointIn>
                    <relPosition x="0" y="70"/>
                    <connection refLocalId="75">
                      <position x="260" y="1520"/>
                      <position x="210" y="1520"/>
                      <position x="210" y="1540"/>
                      <position x="190" y="1540"/>
                    </connection>
                  </connectionPointIn>
                </variable>
              </inputVariables>
              <inOutVariables/>
              <outputVariables>
                <variable formalParameter="ENO">
                  <connectionPointOut>
                    <relPosition x="90" y="30"/>
                  </connectionPointOut>
                </variable>
                <variable formalParameter="OUT">
                  <connectionPointOut>
                    <relPosition x="90" y="50"/>
                  </connectionPointOut>
                </variable>
              </outputVariables>
            </block>
            <block localId="77" typeName="MOVE" height="60" width="60" executionOrderId="0">
              <position x="640" y="1510"/>
              <inputVariables>
                <variable formalParameter="EN">
                  <connectionPointIn>
                    <relPosition x="0" y="30"/>
                    <connection refLocalId="80" formalParameter="OUT">
                      <position x="640" y="1540"/>
                      <position x="580" y="1540"/>
                      <position x="580" y="1510"/>
                      <position x="530" y="1510"/>
                    </connection>
                  </connectionPointIn>
                </variable>
                <variable formalParameter="IN">
                  <connectionPointIn>
                    <relPosition x="0" y="50"/>
                    <connection refLocalId="78">
                      <position x="640" y="1560"/>
                      <position x="630" y="1560"/>
                      <position x="630" y="1570"/>
                      <position x="610" y="1570"/>
                    </connection>
                  </connectionPointIn>
                </variable>
              </inputVariables>
              <inOutVariables/>
              <outputVariables>
                <variable formalParameter="ENO">
                  <connectionPointOut>
                    <relPosition x="60" y="30"/>
                  </connectionPointOut>
                </variable>
                <variable formalParameter="OUT">
                  <connectionPointOut>
                    <relPosition x="60" y="50"/>
                  </connectionPointOut>
                </variable>
              </outputVariables>
            </block>
            <inVariable localId="78" height="30" width="50" negated="false" executionOrderId="0">
              <position x="560" y="1550"/>
              <connectionPointOut>
                <relPosition x="50" y="20"/>
              </connectionPointOut>
              <expression>89</expression>
            </inVariable>
            <outVariable localId="79" height="30" width="90" negated="false" executionOrderId="0">
              <position x="810" y="1500"/>
              <connectionPointIn>
                <relPosition x="0" y="20"/>
                <connection refLocalId="77" formalParameter="OUT">
                  <position x="810" y="1520"/>
                  <position x="792" y="1520"/>
                  <position x="792" y="1560"/>
                  <position x="700" y="1560"/>
                </connection>
              </connectionPointIn>
              <expression>waterlevel</expression>
            </outVariable>
            <block localId="80" typeName="LE" height="80" width="70" executionOrderId="0">
              <position x="460" y="1460"/>
              <inputVariables>
                <variable formalParameter="EN">
                  <connectionPointIn>
                    <relPosition x="0" y="30"/>
                    <connection refLocalId="76" formalParameter="OUT">
                      <position x="460" y="1490"/>
                      <position x="405" y="1490"/>
                      <position x="405" y="1500"/>
                      <position x="350" y="1500"/>
                    </connection>
                  </connectionPointIn>
                </variable>
                <variable formalParameter="IN1">
                  <connectionPointIn>
                    <relPosition x="0" y="50"/>
                    <connection refLocalId="73">
                      <position x="460" y="1510"/>
                      <position x="370" y="1510"/>
                      <position x="370" y="1560"/>
                      <position x="340" y="1560"/>
                    </connection>
                  </connectionPointIn>
                </variable>
                <variable formalParameter="IN2">
                  <connectionPointIn>
                    <relPosition x="0" y="70"/>
                    <connection refLocalId="81">
                      <position x="460" y="1530"/>
                      <position x="445" y="1530"/>
                      <position x="445" y="1560"/>
                      <position x="430" y="1560"/>
                    </connection>
                  </connectionPointIn>
                </variable>
              </inputVariables>
              <inOutVariables/>
              <outputVariables>
                <variable formalParameter="ENO">
                  <connectionPointOut>
                    <relPosition x="70" y="30"/>
                  </connectionPointOut>
                </variable>
                <variable formalParameter="OUT">
                  <connectionPointOut>
                    <relPosition x="70" y="50"/>
                  </connectionPointOut>
                </variable>
              </outputVariables>
            </block>
            <inVariable localId="81" height="30" width="50" negated="false" executionOrderId="0">
              <position x="380" y="1540"/>
              <connectionPointOut>
                <relPosition x="50" y="20"/>
              </connectionPointOut>
              <expression>90</expression>
            </inVariable>
            <inVariable localId="82" height="30" width="100" negated="false" executionOrderId="0">
              <position x="240" y="1690"/>
              <connectionPointOut>
                <relPosition x="100" y="10"/>
              </connectionPointOut>
              <expression>watersensor</expression>
            </inVariable>
            <inVariable localId="83" height="30" width="100" negated="false" executionOrderId="0">
              <position x="60" y="1590"/>
              <connectionPointOut>
                <relPosition x="100" y="10"/>
              </connectionPointOut>
              <expression>watersensor</expression>
            </inVariable>
            <inVariable localId="84" height="30" width="90" negated="false" executionOrderId="0">
              <position x="100" y="1680"/>
              <connectionPointOut>
                <relPosition x="90" y="20"/>
              </connectionPointOut>
              <expression>91</expression>
            </inVariable>
            <block localId="85" typeName="GE" height="80" width="90" executionOrderId="0">
              <position x="260" y="1600"/>
              <inputVariables>
                <variable formalParameter="EN">
                  <connectionPointIn>
                    <relPosition x="0" y="30"/>
                    <connection refLocalId="80" formalParameter="ENO">
                      <position x="260" y="1630"/>
                      <position x="250" y="1630"/>
                      <position x="250" y="1590"/>
                      <position x="920" y="1590"/>
                      <position x="920" y="1490"/>
                      <position x="530" y="1490"/>
                    </connection>
                  </connectionPointIn>
                </variable>
                <variable formalParameter="IN1">
                  <connectionPointIn>
                    <relPosition x="0" y="50"/>
                    <connection refLocalId="83">
                      <position x="260" y="1650"/>
                      <position x="205" y="1650"/>
                      <position x="205" y="1600"/>
                      <position x="160" y="1600"/>
                    </connection>
                  </connectionPointIn>
                </variable>
                <variable formalParameter="IN2">
                  <connectionPointIn>
                    <relPosition x="0" y="70"/>
                    <connection refLocalId="84">
                      <position x="260" y="1670"/>
                      <position x="210" y="1670"/>
                      <position x="210" y="1700"/>
                      <position x="190" y="1700"/>
                    </connection>
                  </connectionPointIn>
                </variable>
              </inputVariables>
              <inOutVariables/>
              <outputVariables>
                <variable formalParameter="ENO">
                  <connectionPointOut>
                    <relPosition x="90" y="30"/>
                  </connectionPointOut>
                </variable>
                <variable formalParameter="OUT">
                  <connectionPointOut>
                    <relPosition x="90" y="50"/>
                  </connectionPointOut>
                </variable>
              </outputVariables>
            </block>
            <block localId="86" typeName="MOVE" height="60" width="60" executionOrderId="0">
              <position x="640" y="1610"/>
              <inputVariables>
                <variable formalParameter="EN">
                  <connectionPointIn>
                    <relPosition x="0" y="30"/>
                    <connection refLocalId="89" formalParameter="OUT">
                      <position x="640" y="1640"/>
                      <position x="580" y="1640"/>
                      <position x="580" y="1660"/>
                      <position x="530" y="1660"/>
                    </connection>
                  </connectionPointIn>
                </variable>
                <variable formalParameter="IN">
                  <connectionPointIn>
                    <relPosition x="0" y="50"/>
                    <connection refLocalId="87">
                      <position x="640" y="1660"/>
                      <position x="630" y="1660"/>
                      <position x="630" y="1700"/>
                      <position x="610" y="1700"/>
                    </connection>
                  </connectionPointIn>
                </variable>
              </inputVariables>
              <inOutVariables/>
              <outputVariables>
                <variable formalParameter="ENO">
                  <connectionPointOut>
                    <relPosition x="60" y="30"/>
                  </connectionPointOut>
                </variable>
                <variable formalParameter="OUT">
                  <connectionPointOut>
                    <relPosition x="60" y="50"/>
                  </connectionPointOut>
                </variable>
              </outputVariables>
            </block>
            <inVariable localId="87" height="30" width="50" negated="false" executionOrderId="0">
              <position x="560" y="1690"/>
              <connectionPointOut>
                <relPosition x="50" y="10"/>
              </connectionPointOut>
              <expression>99</expression>
            </inVariable>
            <outVariable localId="88" height="30" width="90" negated="false" executionOrderId="0">
              <position x="810" y="1630"/>
              <connectionPointIn>
                <relPosition x="0" y="10"/>
                <connection refLocalId="86" formalParameter="OUT">
                  <position x="810" y="1640"/>
                  <position x="792" y="1640"/>
                  <position x="792" y="1660"/>
                  <position x="700" y="1660"/>
                </connection>
              </connectionPointIn>
              <expression>waterlevel</expression>
            </outVariable>
            <block localId="89" typeName="LE" height="80" width="70" executionOrderId="0">
              <position x="460" y="1610"/>
              <inputVariables>
                <variable formalParameter="EN">
                  <connectionPointIn>
                    <relPosition x="0" y="30"/>
                    <connection refLocalId="85" formalParameter="OUT">
                      <position x="460" y="1640"/>
                      <position x="405" y="1640"/>
                      <position x="405" y="1650"/>
                      <position x="350" y="1650"/>
                    </connection>
                  </connectionPointIn>
                </variable>
                <variable formalParameter="IN1">
                  <connectionPointIn>
                    <relPosition x="0" y="50"/>
                    <connection refLocalId="82">
                      <position x="460" y="1660"/>
                      <position x="370" y="1660"/>
                      <position x="370" y="1700"/>
                      <position x="340" y="1700"/>
                    </connection>
                  </connectionPointIn>
                </variable>
                <variable formalParameter="IN2">
                  <connectionPointIn>
                    <relPosition x="0" y="70"/>
                    <connection refLocalId="90">
                      <position x="460" y="1680"/>
                      <position x="445" y="1680"/>
                      <position x="445" y="1700"/>
                      <position x="430" y="1700"/>
                    </connection>
                  </connectionPointIn>
                </variable>
              </inputVariables>
              <inOutVariables/>
              <outputVariables>
                <variable formalParameter="ENO">
                  <connectionPointOut>
                    <relPosition x="70" y="30"/>
                  </connectionPointOut>
                </variable>
                <variable formalParameter="OUT">
                  <connectionPointOut>
                    <relPosition x="70" y="50"/>
                  </connectionPointOut>
                </variable>
              </outputVariables>
            </block>
            <inVariable localId="90" height="30" width="50" negated="false" executionOrderId="0">
              <position x="380" y="1690"/>
              <connectionPointOut>
                <relPosition x="50" y="10"/>
              </connectionPointOut>
              <expression>100</expression>
            </inVariable>
            <outVariable localId="15" height="30" width="90" negated="false">
              <position x="810" y="250"/>
              <connectionPointIn>
                <relPosition x="0" y="10"/>
                <connection refLocalId="9" formalParameter="OUT">
                  <position x="810" y="260"/>
                  <position x="755" y="260"/>
                  <position x="755" y="300"/>
                  <position x="700" y="300"/>
                </connection>
              </connectionPointIn>
              <expression>waterlevel</expression>
            </outVariable>
            <inVariable localId="2" height="30" width="100" negated="false">
              <position x="60" y="190"/>
              <connectionPointOut>
                <relPosition x="100" y="10"/>
              </connectionPointOut>
              <expression>watersensor</expression>
            </inVariable>
            <inVariable localId="5" height="30" width="100" negated="false">
              <position x="60" y="350"/>
              <connectionPointOut>
                <relPosition x="100" y="10"/>
              </connectionPointOut>
              <expression>watersensor</expression>
            </inVariable>
            <inVariable localId="20" height="30" width="100" negated="false">
              <position x="60" y="510"/>
              <connectionPointOut>
                <relPosition x="100" y="10"/>
              </connectionPointOut>
              <expression>watersensor</expression>
            </inVariable>
            <inVariable localId="29" height="30" width="100" negated="false">
              <position x="60" y="670"/>
              <connectionPointOut>
                <relPosition x="100" y="10"/>
              </connectionPointOut>
              <expression>watersensor</expression>
            </inVariable>
            <inVariable localId="38" height="30" width="100" negated="false">
              <position x="60" y="820"/>
              <connectionPointOut>
                <relPosition x="100" y="20"/>
              </connectionPointOut>
              <expression>watersensor</expression>
            </inVariable>
            <inVariable localId="47" height="30" width="100" negated="false">
              <position x="60" y="980"/>
              <connectionPointOut>
                <relPosition x="100" y="20"/>
              </connectionPointOut>
              <expression>watersensor</expression>
            </inVariable>
            <outVariable localId="43" height="30" width="90" negated="false">
              <position x="810" y="880"/>
              <connectionPointIn>
                <relPosition x="0" y="20"/>
                <connection refLocalId="41" formalParameter="OUT">
                  <position x="810" y="900"/>
                  <position x="792" y="900"/>
                  <position x="792" y="940"/>
                  <position x="700" y="940"/>
                </connection>
              </connectionPointIn>
              <expression>waterlevel</expression>
            </outVariable>
            <outVariable localId="34" height="30" width="90" negated="false">
              <position x="810" y="730"/>
              <connectionPointIn>
                <relPosition x="0" y="10"/>
                <connection refLocalId="32" formalParameter="OUT">
                  <position x="810" y="740"/>
                  <position x="755" y="740"/>
                  <position x="755" y="780"/>
                  <position x="700" y="780"/>
                </connection>
              </connectionPointIn>
              <expression>waterlevel</expression>
            </outVariable>
            <outVariable localId="25" height="30" width="90" negated="false">
              <position x="810" y="570"/>
              <connectionPointIn>
                <relPosition x="0" y="10"/>
                <connection refLocalId="23" formalParameter="OUT">
                  <position x="810" y="580"/>
                  <position x="755" y="580"/>
                  <position x="755" y="620"/>
                  <position x="700" y="620"/>
                </connection>
              </connectionPointIn>
              <expression>waterlevel</expression>
            </outVariable>
            <outVariable localId="12" height="30" width="90" negated="false">
              <position x="810" y="410"/>
              <connectionPointIn>
                <relPosition x="0" y="10"/>
                <connection refLocalId="10" formalParameter="OUT">
                  <position x="810" y="420"/>
                  <position x="760" y="420"/>
                  <position x="760" y="460"/>
                  <position x="700" y="460"/>
                </connection>
              </connectionPointIn>
              <expression>waterlevel</expression>
            </outVariable>
          </LD>
        </body>
      </pou>
    </pous>
  </types>
  <instances>
    <configurations>
      <configuration name="Config0">
        <resource name="Res0">
          <task name="task0" priority="0" interval="T#20ms">
            <pouInstance name="instance0" typeName="program0"/>
          </task>
          <globalVars>
            <variable name="LocalVar0">
              <type>
                <DINT/>
              </type>
            </variable>
          </globalVars>
        </resource>
      </configuration>
    </configurations>
  </instances>
</project>
