<?xml version='1.0' encoding='utf-8'?>
<project xmlns:ns1="http://www.plcopen.org/xml/tc6_0201" xmlns:xhtml="http://www.w3.org/1999/xhtml" xmlns:xsd="http://www.w3.org/2001/XMLSchema" xmlns="http://www.plcopen.org/xml/tc6_0201">
  <fileHeader companyName="Unknown" productName="Unnamed" productVersion="1" creationDateTime="2021-02-06T13:01:40"/>
  <contentHeader name="Unnamed" modificationDateTime="2021-06-13T22:02:22">
    <coordinateInfo>
      <fbd>
        <scaling x="10" y="10"/>
      </fbd>
      <ld>
        <scaling x="10" y="10"/>
      </ld>
      <sfc>
        <scaling x="10" y="10"/>
      </sfc>
    </coordinateInfo>
  </contentHeader>
  <types>
    <dataTypes/>
    <pous>
      <pou name="program0" pouType="program">
        <interface>
          <localVars>
            <variable name="watersensor" address="%IW100">
              <type>
                <UINT/>
              </type>
            </variable>
            <variable name="waterlevel" address="%QW4">
              <type>
                <UINT/>
              </type>
              <initialValue>
                <simpleValue value="2"/>
              </initialValue>
            </variable>
            <variable name="timer" address="%QW5">
              <type>
                <UINT/>
              </type>
            </variable>
            <variable name="pump" address="%QX1.2">
              <type>
                <BOOL/>
              </type>
            </variable>
          </localVars>
          <localVars>
            <variable name="TOF0">
              <type>
                <derived name="TOF"/>
              </type>
            </variable>
            <variable name="TOF2">
              <type>
                <derived name="TOF"/>
              </type>
            </variable>
            <variable name="TON0">
              <type>
                <derived name="TON"/>
              </type>
            </variable>
          </localVars>
        </interface>
        <body>
          <LD>
            <block localId="7" typeName="GT" height="80" width="90">
              <position x="370" y="150"/>
              <inputVariables>
                <variable formalParameter="EN">
                  <connectionPointIn>
                    <relPosition x="0" y="30"/>
                    <connection refLocalId="104" formalParameter="OUT">
                      <position x="370" y="180"/>
                      <position x="223" y="180"/>
                      <position x="223" y="210"/>
                      <position x="210" y="210"/>
                    </connection>
                  </connectionPointIn>
                </variable>
                <variable formalParameter="IN1">
                  <connectionPointIn>
                    <relPosition x="0" y="50"/>
                    <connection refLocalId="2">
                      <position x="370" y="200"/>
                      <position x="340" y="200"/>
                    </connection>
                  </connectionPointIn>
                </variable>
                <variable formalParameter="IN2">
                  <connectionPointIn>
                    <relPosition x="0" y="70"/>
                    <connection refLocalId="98">
                      <position x="370" y="220"/>
                      <position x="345" y="220"/>
                      <position x="345" y="280"/>
                      <position x="320" y="280"/>
                    </connection>
                  </connectionPointIn>
                </variable>
              </inputVariables>
              <inOutVariables/>
              <outputVariables>
                <variable formalParameter="ENO">
                  <connectionPointOut>
                    <relPosition x="90" y="30"/>
                  </connectionPointOut>
                </variable>
                <variable formalParameter="OUT">
                  <connectionPointOut>
                    <relPosition x="90" y="50"/>
                  </connectionPointOut>
                </variable>
              </outputVariables>
            </block>
            <block localId="9" typeName="MOVE" height="60" width="60">
              <position x="800" y="230"/>
              <inputVariables>
                <variable formalParameter="EN">
                  <connectionPointIn>
                    <relPosition x="0" y="30"/>
                    <connection refLocalId="16" formalParameter="OUT">
                      <position x="800" y="260"/>
                      <position x="765" y="260"/>
                      <position x="765" y="230"/>
                      <position x="730" y="230"/>
                    </connection>
                  </connectionPointIn>
                </variable>
                <variable formalParameter="IN">
                  <connectionPointIn>
                    <relPosition x="0" y="50"/>
                    <connection refLocalId="14">
                      <position x="800" y="280"/>
                      <position x="790" y="280"/>
                      <position x="790" y="300"/>
                      <position x="720" y="300"/>
                    </connection>
                  </connectionPointIn>
                </variable>
              </inputVariables>
              <inOutVariables/>
              <outputVariables>
                <variable formalParameter="ENO">
                  <connectionPointOut>
                    <relPosition x="60" y="30"/>
                  </connectionPointOut>
                </variable>
                <variable formalParameter="OUT">
                  <connectionPointOut>
                    <relPosition x="60" y="50"/>
                  </connectionPointOut>
                </variable>
              </outputVariables>
            </block>
            <inVariable localId="14" height="30" width="50" negated="false">
              <position x="670" y="280"/>
              <connectionPointOut>
                <relPosition x="50" y="20"/>
              </connectionPointOut>
              <expression>4</expression>
            </inVariable>
            <block localId="16" typeName="LE" height="80" width="70">
              <position x="660" y="180"/>
              <inputVariables>
                <variable formalParameter="EN">
                  <connectionPointIn>
                    <relPosition x="0" y="30"/>
                    <connection refLocalId="7" formalParameter="OUT">
                      <position x="660" y="210"/>
                      <position x="525" y="210"/>
                      <position x="525" y="200"/>
                      <position x="460" y="200"/>
                    </connection>
                  </connectionPointIn>
                </variable>
                <variable formalParameter="IN1">
                  <connectionPointIn>
                    <relPosition x="0" y="50"/>
                    <connection refLocalId="1">
                      <position x="660" y="230"/>
                      <position x="560" y="230"/>
                      <position x="560" y="280"/>
                      <position x="460" y="280"/>
                    </connection>
                  </connectionPointIn>
                </variable>
                <variable formalParameter="IN2">
                  <connectionPointIn>
                    <relPosition x="0" y="70"/>
                    <connection refLocalId="17">
                      <position x="660" y="250"/>
                      <position x="650" y="250"/>
                      <position x="650" y="280"/>
                      <position x="640" y="280"/>
                    </connection>
                  </connectionPointIn>
                </variable>
              </inputVariables>
              <inOutVariables/>
              <outputVariables>
                <variable formalParameter="ENO">
                  <connectionPointOut>
                    <relPosition x="70" y="30"/>
                  </connectionPointOut>
                </variable>
                <variable formalParameter="OUT">
                  <connectionPointOut>
                    <relPosition x="70" y="50"/>
                  </connectionPointOut>
                </variable>
              </outputVariables>
            </block>
            <inVariable localId="1" height="30" width="100" negated="false" executionOrderId="0">
              <position x="360" y="260"/>
              <connectionPointOut>
                <relPosition x="100" y="10"/>
              </connectionPointOut>
              <expression>watersensor</expression>
            </inVariable>
            <inVariable localId="17" height="30" width="60" negated="false">
              <position x="580" y="270"/>
              <connectionPointOut>
                <relPosition x="60" y="20"/>
              </connectionPointOut>
              <expression>60000</expression>
            </inVariable>
            <outVariable localId="15" height="30" width="90" negated="false">
              <position x="930" y="270"/>
              <connectionPointIn>
                <relPosition x="0" y="20"/>
                <connection refLocalId="9" formalParameter="OUT">
                  <position x="930" y="290"/>
                  <position x="910" y="290"/>
                  <position x="910" y="280"/>
                  <position x="860" y="280"/>
                </connection>
              </connectionPointIn>
              <expression>waterlevel</expression>
            </outVariable>
            <inVariable localId="2" height="30" width="100" negated="false">
              <position x="240" y="190"/>
              <connectionPointOut>
                <relPosition x="100" y="10"/>
              </connectionPointOut>
              <expression>watersensor</expression>
            </inVariable>
            <block localId="92" typeName="TOF" instanceName="TOF0" height="80" width="60">
              <position x="930" y="380"/>
              <inputVariables>
                <variable formalParameter="EN">
                  <connectionPointIn>
                    <relPosition x="0" y="30"/>
                  </connectionPointIn>
                </variable>
                <variable formalParameter="IN">
                  <connectionPointIn>
                    <relPosition x="0" y="50"/>
                    <connection refLocalId="101" formalParameter="OUT">
                      <position x="930" y="430"/>
                      <position x="850" y="430"/>
                      <position x="850" y="380"/>
                      <position x="830" y="380"/>
                    </connection>
                  </connectionPointIn>
                </variable>
                <variable formalParameter="PT">
                  <connectionPointIn>
                    <relPosition x="0" y="70"/>
                    <connection refLocalId="93">
                      <position x="930" y="450"/>
                      <position x="830" y="450"/>
                      <position x="830" y="440"/>
                      <position x="820" y="440"/>
                    </connection>
                  </connectionPointIn>
                </variable>
              </inputVariables>
              <inOutVariables/>
              <outputVariables>
                <variable formalParameter="ENO">
                  <connectionPointOut>
                    <relPosition x="60" y="30"/>
                  </connectionPointOut>
                </variable>
                <variable formalParameter="Q">
                  <connectionPointOut>
                    <relPosition x="60" y="50"/>
                  </connectionPointOut>
                </variable>
                <variable formalParameter="ET">
                  <connectionPointOut>
                    <relPosition x="60" y="70"/>
                  </connectionPointOut>
                </variable>
              </outputVariables>
            </block>
            <inVariable localId="93" height="30" width="90" negated="false">
              <position x="730" y="430"/>
              <connectionPointOut>
                <relPosition x="90" y="10"/>
              </connectionPointOut>
              <expression>T#20000ms</expression>
            </inVariable>
            <coil localId="94" height="20" width="21" negated="false">
              <position x="1170" y="450"/>
              <connectionPointIn>
                <relPosition x="0" y="10"/>
                <connection refLocalId="92" formalParameter="Q">
                  <position x="1170" y="460"/>
                  <position x="1120" y="460"/>
                  <position x="1120" y="430"/>
                  <position x="990" y="430"/>
                </connection>
              </connectionPointIn>
              <connectionPointOut>
                <relPosition x="21" y="10"/>
              </connectionPointOut>
              <variable>pump</variable>
            </coil>
            <inVariable localId="98" height="30" width="50" negated="false">
              <position x="270" y="260"/>
              <connectionPointOut>
                <relPosition x="50" y="10"/>
              </connectionPointOut>
              <expression>30000</expression>
            </inVariable>
            <block localId="6" typeName="MOVE" height="60" width="60" executionOrderId="0">
              <position x="410" y="510"/>
              <inputVariables>
                <variable formalParameter="EN">
                  <connectionPointIn>
                    <relPosition x="0" y="30"/>
                    <connection refLocalId="24" formalParameter="Q">
                      <position x="410" y="540"/>
                      <position x="295" y="540"/>
                      <position x="295" y="560"/>
                      <position x="190" y="560"/>
                    </connection>
                  </connectionPointIn>
                </variable>
                <variable formalParameter="IN">
                  <connectionPointIn>
                    <relPosition x="0" y="50"/>
                    <connection refLocalId="10">
                      <position x="410" y="560"/>
                      <position x="400" y="560"/>
                      <position x="400" y="620"/>
                      <position x="410" y="620"/>
                      <position x="410" y="640"/>
                      <position x="330" y="640"/>
                    </connection>
                  </connectionPointIn>
                </variable>
              </inputVariables>
              <inOutVariables/>
              <outputVariables>
                <variable formalParameter="ENO">
                  <connectionPointOut>
                    <relPosition x="60" y="30"/>
                  </connectionPointOut>
                </variable>
                <variable formalParameter="OUT">
                  <connectionPointOut>
                    <relPosition x="60" y="50"/>
                  </connectionPointOut>
                </variable>
              </outputVariables>
            </block>
            <inVariable localId="10" height="30" width="50" negated="false" executionOrderId="0">
              <position x="280" y="620"/>
              <connectionPointOut>
                <relPosition x="50" y="20"/>
              </connectionPointOut>
              <expression>2</expression>
            </inVariable>
            <outVariable localId="11" height="30" width="90" negated="false" executionOrderId="0">
              <position x="530" y="550"/>
              <connectionPointIn>
                <relPosition x="0" y="10"/>
                <connection refLocalId="6" formalParameter="OUT">
                  <position x="530" y="560"/>
                  <position x="470" y="560"/>
                </connection>
              </connectionPointIn>
              <expression>waterlevel</expression>
            </outVariable>
            <inVariable localId="100" height="30" width="90" negated="false">
              <position x="600" y="360"/>
              <connectionPointOut>
                <relPosition x="90" y="20"/>
              </connectionPointOut>
              <expression>waterlevel</expression>
            </inVariable>
            <block localId="101" typeName="EQ" height="80" width="70">
              <position x="760" y="340"/>
              <inputVariables>
                <variable formalParameter="IN1">
                  <connectionPointIn>
                    <relPosition x="0" y="40"/>
                    <connection refLocalId="100">
                      <position x="760" y="380"/>
                      <position x="690" y="380"/>
                    </connection>
                  </connectionPointIn>
                </variable>
                <variable formalParameter="IN2">
                  <connectionPointIn>
                    <relPosition x="0" y="60"/>
                    <connection refLocalId="102">
                      <position x="760" y="400"/>
                      <position x="720" y="400"/>
                      <position x="720" y="440"/>
                      <position x="630" y="440"/>
                    </connection>
                  </connectionPointIn>
                </variable>
              </inputVariables>
              <inOutVariables/>
              <outputVariables>
                <variable formalParameter="OUT">
                  <connectionPointOut>
                    <relPosition x="70" y="40"/>
                  </connectionPointOut>
                </variable>
              </outputVariables>
            </block>
            <inVariable localId="102" height="30" width="20" negated="false">
              <position x="610" y="430"/>
              <connectionPointOut>
                <relPosition x="20" y="10"/>
              </connectionPointOut>
              <expression>6</expression>
            </inVariable>
            <block localId="24" typeName="TOF" instanceName="TOF2" height="60" width="50" executionOrderId="0">
              <position x="140" y="530"/>
              <inputVariables>
                <variable formalParameter="IN">
                  <connectionPointIn>
                    <relPosition x="0" y="30"/>
                    <connection refLocalId="94">
                      <position x="140" y="560"/>
                      <position x="50" y="560"/>
                      <position x="50" y="500"/>
                      <position x="1201" y="500"/>
                      <position x="1201" y="460"/>
                      <position x="1191" y="460"/>
                    </connection>
                  </connectionPointIn>
                </variable>
                <variable formalParameter="PT">
                  <connectionPointIn>
                    <relPosition x="0" y="50"/>
                    <connection refLocalId="25">
                      <position x="140" y="580"/>
                      <position x="110" y="580"/>
                      <position x="110" y="600"/>
                      <position x="90" y="600"/>
                    </connection>
                  </connectionPointIn>
                </variable>
              </inputVariables>
              <inOutVariables/>
              <outputVariables>
                <variable formalParameter="Q">
                  <connectionPointOut>
                    <relPosition x="50" y="30"/>
                  </connectionPointOut>
                </variable>
                <variable formalParameter="ET">
                  <connectionPointOut>
                    <relPosition x="50" y="50"/>
                  </connectionPointOut>
                </variable>
              </outputVariables>
            </block>
            <inVariable localId="25" height="30" width="90" negated="false" executionOrderId="0">
              <position x="0" y="580"/>
              <connectionPointOut>
                <relPosition x="90" y="20"/>
              </connectionPointOut>
              <expression>T#1000ms</expression>
            </inVariable>
            <rightPowerRail localId="103" height="40" width="10">
              <position x="1140" y="520"/>
              <connectionPointIn>
                <relPosition x="0" y="20"/>
                <connection refLocalId="6" formalParameter="ENO">
                  <position x="1140" y="540"/>
                  <position x="470" y="540"/>
                </connection>
              </connectionPointIn>
            </rightPowerRail>
            <block localId="12" typeName="TON" instanceName="TON0" height="80" width="60" executionOrderId="0">
              <position x="310" y="340"/>
              <inputVariables>
                <variable formalParameter="IN">
                  <connectionPointIn>
                    <relPosition x="0" y="40"/>
                    <connection refLocalId="20" formalParameter="OUT">
                      <position x="310" y="380"/>
                      <position x="250" y="380"/>
                    </connection>
                  </connectionPointIn>
                </variable>
                <variable formalParameter="PT">
                  <connectionPointIn>
                    <relPosition x="0" y="60"/>
                    <connection refLocalId="13">
                      <position x="310" y="400"/>
                      <position x="285" y="400"/>
                      <position x="285" y="460"/>
                      <position x="260" y="460"/>
                    </connection>
                  </connectionPointIn>
                </variable>
              </inputVariables>
              <inOutVariables/>
              <outputVariables>
                <variable formalParameter="Q">
                  <connectionPointOut>
                    <relPosition x="60" y="40"/>
                  </connectionPointOut>
                </variable>
                <variable formalParameter="ET">
                  <connectionPointOut>
                    <relPosition x="60" y="60"/>
                  </connectionPointOut>
                </variable>
              </outputVariables>
            </block>
            <inVariable localId="13" height="30" width="90" negated="false" executionOrderId="0">
              <position x="170" y="440"/>
              <connectionPointOut>
                <relPosition x="90" y="20"/>
              </connectionPointOut>
              <expression>T#4000ms</expression>
            </inVariable>
            <block localId="104" typeName="EQ" height="60" width="70">
              <position x="140" y="180"/>
              <inputVariables>
                <variable formalParameter="IN1">
                  <connectionPointIn>
                    <relPosition x="0" y="30"/>
                    <connection refLocalId="5">
                      <position x="140" y="210"/>
                      <position x="120" y="210"/>
                      <position x="120" y="140"/>
                      <position x="110" y="140"/>
                    </connection>
                  </connectionPointIn>
                </variable>
                <variable formalParameter="IN2">
                  <connectionPointIn>
                    <relPosition x="0" y="50"/>
                    <connection refLocalId="8">
                      <position x="140" y="230"/>
                      <position x="110" y="230"/>
                      <position x="110" y="180"/>
                      <position x="80" y="180"/>
                    </connection>
                  </connectionPointIn>
                </variable>
              </inputVariables>
              <inOutVariables/>
              <outputVariables>
                <variable formalParameter="OUT">
                  <connectionPointOut>
                    <relPosition x="70" y="30"/>
                  </connectionPointOut>
                </variable>
              </outputVariables>
            </block>
            <inVariable localId="5" height="30" width="100" negated="false" executionOrderId="0">
              <position x="10" y="130"/>
              <connectionPointOut>
                <relPosition x="100" y="10"/>
              </connectionPointOut>
              <expression>waterlevel</expression>
            </inVariable>
            <inVariable localId="8" height="30" width="50" negated="false" executionOrderId="0">
              <position x="30" y="170"/>
              <connectionPointOut>
                <relPosition x="50" y="20"/>
              </connectionPointOut>
              <expression>2</expression>
            </inVariable>
            <rightPowerRail localId="105" height="40" width="10">
              <position x="1140" y="240"/>
              <connectionPointIn>
                <relPosition x="0" y="20"/>
                <connection refLocalId="9" formalParameter="ENO">
                  <position x="1140" y="260"/>
                  <position x="860" y="260"/>
                </connection>
              </connectionPointIn>
            </rightPowerRail>
            <inVariable localId="18" height="30" width="100" negated="false" executionOrderId="0">
              <position x="30" y="330"/>
              <connectionPointOut>
                <relPosition x="100" y="10"/>
              </connectionPointOut>
              <expression>waterlevel</expression>
            </inVariable>
            <inVariable localId="19" height="30" width="50" negated="false" executionOrderId="0">
              <position x="50" y="370"/>
              <connectionPointOut>
                <relPosition x="50" y="10"/>
              </connectionPointOut>
              <expression>4</expression>
            </inVariable>
            <block localId="20" typeName="EQ" height="60" width="70" executionOrderId="0">
              <position x="180" y="350"/>
              <inputVariables>
                <variable formalParameter="IN1">
                  <connectionPointIn>
                    <relPosition x="0" y="30"/>
                    <connection refLocalId="18">
                      <position x="180" y="380"/>
                      <position x="155" y="380"/>
                      <position x="155" y="340"/>
                      <position x="130" y="340"/>
                    </connection>
                  </connectionPointIn>
                </variable>
                <variable formalParameter="IN2">
                  <connectionPointIn>
                    <relPosition x="0" y="50"/>
                    <connection refLocalId="19">
                      <position x="180" y="400"/>
                      <position x="140" y="400"/>
                      <position x="140" y="380"/>
                      <position x="100" y="380"/>
                    </connection>
                  </connectionPointIn>
                </variable>
              </inputVariables>
              <inOutVariables/>
              <outputVariables>
                <variable formalParameter="OUT">
                  <connectionPointOut>
                    <relPosition x="70" y="30"/>
                  </connectionPointOut>
                </variable>
              </outputVariables>
            </block>
            <block localId="21" typeName="MOVE" height="60" width="60" executionOrderId="0">
              <position x="450" y="340"/>
              <inputVariables>
                <variable formalParameter="EN">
                  <connectionPointIn>
                    <relPosition x="0" y="30"/>
                    <connection refLocalId="12" formalParameter="Q">
                      <position x="450" y="370"/>
                      <position x="405" y="370"/>
                      <position x="405" y="380"/>
                      <position x="370" y="380"/>
                    </connection>
                  </connectionPointIn>
                </variable>
                <variable formalParameter="IN">
                  <connectionPointIn>
                    <relPosition x="0" y="50"/>
                    <connection refLocalId="22">
                      <position x="450" y="390"/>
                      <position x="430" y="390"/>
                      <position x="430" y="460"/>
                      <position x="410" y="460"/>
                    </connection>
                  </connectionPointIn>
                </variable>
              </inputVariables>
              <inOutVariables/>
              <outputVariables>
                <variable formalParameter="ENO">
                  <connectionPointOut>
                    <relPosition x="60" y="30"/>
                  </connectionPointOut>
                </variable>
                <variable formalParameter="OUT">
                  <connectionPointOut>
                    <relPosition x="60" y="50"/>
                  </connectionPointOut>
                </variable>
              </outputVariables>
            </block>
            <inVariable localId="22" height="30" width="50" negated="false" executionOrderId="0">
              <position x="360" y="440"/>
              <connectionPointOut>
                <relPosition x="50" y="20"/>
              </connectionPointOut>
              <expression>6</expression>
            </inVariable>
            <outVariable localId="23" height="30" width="90" negated="false" executionOrderId="0">
              <position x="490" y="440"/>
              <connectionPointIn>
                <relPosition x="0" y="20"/>
                <connection refLocalId="21" formalParameter="OUT">
                  <position x="490" y="460"/>
                  <position x="470" y="460"/>
                  <position x="470" y="430"/>
                  <position x="520" y="430"/>
                  <position x="520" y="390"/>
                  <position x="510" y="390"/>
                </connection>
              </connectionPointIn>
              <expression>waterlevel</expression>
            </outVariable>
          </LD>
        </body>
      </pou>
    </pous>
  </types>
  <instances>
    <configurations>
      <configuration name="Config0">
        <resource name="Res0">
          <task name="task0" priority="0" interval="T#20ms">
            <pouInstance name="instance0" typeName="program0"/>
          </task>
          <globalVars>
            <variable name="LocalVar0">
              <type>
                <DINT/>
              </type>
            </variable>
          </globalVars>
        </resource>
      </configuration>
    </configurations>
  </instances>
</project>
